src	src-sense-id	prob-sense	dst	dst-sense-id	similarity
class	1	0.32289710924930365	classes	2	0.62035227
class	1	0.32289710924930365	tuition	2	0.60525155
class	1	0.32289710924930365	ib	1	0.59705746
class	1	0.32289710924930365	course	3	0.59465134
class	1	0.32289710924930365	grade	4	0.59103554
class	1	0.32289710924930365	study	4	0.58583075
class	1	0.32289710924930365	pass	4	0.57916087
class	1	0.32289710924930365	subjects	3	0.57586324
class	1	0.32289710924930365	lessons	2	0.6237659
class	1	0.32289710924930365	teaching	2	0.6172353
class	1	0.32289710924930365	year	5	0.6145553
class	1	0.32289710924930365	level	5	0.6077202
class	1	0.32289710924930365	semester	3	0.6054828
class	1	0.32289710924930365	levels	2	0.5973617
class	1	0.32289710924930365	programme	4	0.5926729
class	1	0.32289710924930365	mathematics	4	0.5797563
class	1	0.32289710924930365	pe	1	0.5787132
class	1	0.32289710924930365	baecs	1	0.5763737
class	1	0.32289710924930365	electives	2	0.5761291
class	1	0.32289710924930365	vce	2	0.5730158
class	2	0.27555832048138973	elite	3	0.72437835
class	2	0.27555832048138973	working	5	0.69160914
class	2	0.27555832048138973	backward	2	0.67872685
class	2	0.27555832048138973	proletarians	1	0.65975106
class	2	0.27555832048138973	milieu	2	0.65195006
class	2	0.27555832048138973	unorganised	1	0.65055394
class	2	0.27555832048138973	vanguard	1	0.64855164
class	2	0.27555832048138973	capitalists	1	0.64724874
class	2	0.27555832048138973	middle	5	0.64707804
class	2	0.27555832048138973	militant	1	0.64401084
class	2	0.27555832048138973	classes	1	0.7615026
class	2	0.27555832048138973	emancipation	1	0.7078676
class	2	0.27555832048138973	oppressed	1	0.6813037
class	2	0.27555832048138973	masses	3	0.6790652
class	2	0.27555832048138973	society	5	0.6592044
class	2	0.27555832048138973	socialist	5	0.6525285
class	2	0.27555832048138973	societies	2	0.6520006
class	2	0.27555832048138973	social	1	0.6477062
class	2	0.27555832048138973	multiracial	1	0.6468135
class	2	0.27555832048138973	privileged	4	0.6398891
class	4	0.29999319192820934	d6300	1	0.73433053
class	4	0.29999319192820934	monoplane	2	0.72985137
class	4	0.29999319192820934	aircraft	3	0.72080815
class	4	0.29999319192820934	landplanes	1	0.71624994
class	4	0.29999319192820934	hawk	3	0.71572524
class	4	0.29999319192820934	amphibious	2	0.71199375
class	4	0.29999319192820934	biplane	2	0.71031094
class	4	0.29999319192820934	leander	1	0.70933014
class	4	0.29999319192820934	centurion	2	0.70912194
class	4	0.29999319192820934	4s	3	0.70572084
class	4	0.29999319192820934	tender	4	0.70529217
class	4	0.29999319192820934	landplane	1	0.7509334
class	4	0.29999319192820934	66s	1	0.7415591
class	4	0.29999319192820934	f125	1	0.7351202
class	4	0.29999319192820934	milgem	1	0.7261872
class	4	0.29999319192820934	composite	4	0.7257091
class	4	0.29999319192820934	222s	1	0.7193952
class	4	0.29999319192820934	144s	1	0.7169052
class	4	0.29999319192820934	159s	1	0.7125648
class	4	0.29999319192820934	prototype	1	0.749256
class	5	0.101116727010643	constructor	3	0.93628645
class	5	0.101116727010643	component	4	0.93496156
class	5	0.101116727010643	parameters	1	0.93365806
class	5	0.101116727010643	abstractcollection	1	0.93161005
class	5	0.101116727010643	tostring	2	0.92907923
class	5	0.101116727010643	jess	4	0.92378235
class	5	0.101116727010643	declares	2	0.92237365
class	5	0.101116727010643	enum	1	0.92156976
class	5	0.101116727010643	name	4	0.91717637
class	5	0.101116727010643	object	1	0.9501877
class	5	0.101116727010643	method	1	0.9433575
class	5	0.101116727010643	interface	1	0.9420977
class	5	0.101116727010643	abstract	3	0.9357129
class	5	0.101116727010643	function	2	0.9285825
class	5	0.101116727010643	enumeration	1	0.9228718
class	5	0.101116727010643	implements	1	0.9226608
class	5	0.101116727010643	returns	1	0.9217742
class	5	0.101116727010643	obj	2	0.9204064
class	5	0.101116727010643	rwfactory	1	0.922246
class	5	0.101116727010643	string	3	0.921385
fall	1	0.3412577111238806	turn	3	0.78675973
fall	1	0.3412577111238806	bleed	2	0.77622175
fall	1	0.3412577111238806	lift	1	0.77312696
fall	1	0.3412577111238806	touch	5	0.77277255
fall	1	0.3412577111238806	bump	4	0.77008826
fall	1	0.3412577111238806	blow	5	0.76699716
fall	1	0.3412577111238806	fade	3	0.76191175
fall	1	0.3412577111238806	descend	3	0.75737816
fall	1	0.3412577111238806	creep	2	0.8494602
fall	1	0.3412577111238806	burn	5	0.8094444
fall	1	0.3412577111238806	sink	3	0.7913545
fall	1	0.3412577111238806	shake	1	0.7838447
fall	1	0.3412577111238806	vanish	3	0.7820021
fall	1	0.3412577111238806	melt	2	0.7805814
fall	1	0.3412577111238806	break	4	0.7784308
fall	1	0.3412577111238806	choke	3	0.7744145
fall	1	0.3412577111238806	lay	5	0.7728913
fall	1	0.3412577111238806	slip	4	0.7695122
fall	1	0.3412577111238806	collapse	5	0.7616074
fall	1	0.3412577111238806	stand	1	0.7561122
fall	2	0.13263011604098005	downfall	1	0.85846937
fall	2	0.13263011604098005	demise	2	0.84256715
fall	2	0.13263011604098005	disintegration	1	0.83978677
fall	2	0.13263011604098005	collapsed	1	0.80394644
fall	2	0.13263011604098005	takeover	1	0.79577196
fall	2	0.13263011604098005	domination	1	0.78699577
fall	2	0.13263011604098005	conquest	2	0.78538036
fall	2	0.13263011604098005	empire	1	0.77042407
fall	2	0.13263011604098005	reconquest	1	0.75671417
fall	2	0.13263011604098005	hegemony	1	0.75597054
fall	2	0.13263011604098005	collapse	1	0.8425448
fall	2	0.13263011604098005	unification	1	0.8040162
fall	2	0.13263011604098005	annexation	1	0.7969397
fall	2	0.13263011604098005	destruction	3	0.7925185
fall	2	0.13263011604098005	defeat	2	0.7869908
fall	2	0.13263011604098005	aftermath	1	0.7723137
fall	2	0.13263011604098005	monarchy	2	0.7635375
fall	2	0.13263011604098005	expulsion	1	0.7566152
fall	2	0.13263011604098005	breakup	1	0.774015
fall	2	0.13263011604098005	invasion	2	0.772458
fall	3	0.20733905752552254	summer	4	0.71413046
fall	3	0.20733905752552254	1999	2	0.68534786
fall	3	0.20733905752552254	2008	4	0.67823374
fall	3	0.20733905752552254	2003	5	0.66607183
fall	3	0.20733905752552254	usa	3	0.66600007
fall	3	0.20733905752552254	2004	3	0.66531795
fall	3	0.20733905752552254	2000	3	0.65975875
fall	3	0.20733905752552254	2002	4	0.65621126
fall	3	0.20733905752552254	1989	4	0.65385413
fall	3	0.20733905752552254	winter	5	0.65115863
fall	3	0.20733905752552254	2001	3	0.64953417
fall	3	0.20733905752552254	spring	5	0.7779163
fall	3	0.20733905752552254	beginning	4	0.6906897
fall	3	0.20733905752552254	1995	2	0.6610922
fall	3	0.20733905752552254	2006a2007	2	0.6597653
fall	3	0.20733905752552254	1993	3	0.6529379
fall	3	0.20733905752552254	1991	4	0.6451061
fall	3	0.20733905752552254	2006	1	0.686763
fall	3	0.20733905752552254	reunion	1	0.656026
fall	3	0.20733905752552254	2005	5	0.67878
fall	4	0.1742171179298859	rise	2	0.87219495
fall	4	0.1742171179298859	steeply	2	0.77485937
fall	4	0.1742171179298859	decline	1	0.77422196
fall	4	0.1742171179298859	increases	2	0.75153494
fall	4	0.1742171179298859	soaring	2	0.74268913
fall	4	0.1742171179298859	levels	4	0.73402053
fall	4	0.1742171179298859	downward	2	0.72819537
fall	4	0.1742171179298859	losses	5	0.72556245
fall	4	0.1742171179298859	drop	5	0.8293209
fall	4	0.1742171179298859	falling	5	0.7914877
fall	4	0.1742171179298859	steep	5	0.7886618
fall	4	0.1742171179298859	rises	1	0.7639694
fall	4	0.1742171179298859	growth	4	0.7624632
fall	4	0.1742171179298859	decrease	5	0.7617021
fall	4	0.1742171179298859	predicted	5	0.7522062
fall	4	0.1742171179298859	plummet	1	0.7513868
fall	4	0.1742171179298859	trend	2	0.7428323
fall	4	0.1742171179298859	prices	3	0.7417958
fall	4	0.1742171179298859	reflecting	5	0.7389622
fall	4	0.1742171179298859	increasing	4	0.7349178
fall	5	0.14455599737973093	falling	1	0.71905917
fall	5	0.14455599737973093	headings	2	0.67167103
fall	5	0.14455599737973093	grouped	1	0.66470945
fall	5	0.14455599737973093	categories	2	0.64355296
fall	5	0.14455599737973093	broadly	2	0.62460905
fall	5	0.14455599737973093	incorporated	5	0.56269974
fall	5	0.14455599737973093	divides	3	0.53927594
fall	5	0.14455599737973093	categories	4	0.6543879
fall	5	0.14455599737973093	divided	2	0.6265531
fall	5	0.14455599737973093	category	1	0.6126049
fall	5	0.14455599737973093	subsumed	1	0.6052618
fall	5	0.14455599737973093	subdivided	2	0.5955363
fall	5	0.14455599737973093	split	1	0.5929567
fall	5	0.14455599737973093	neatly	2	0.5712937
fall	5	0.14455599737973093	ambit	1	0.5643264
fall	5	0.14455599737973093	subsections	2	0.5615851
fall	5	0.14455599737973093	tiers	1	0.5456602
fall	5	0.14455599737973093	distinct	2	0.5454973
fall	5	0.14455599737973093	falls	5	0.5453379
fall	5	0.14455599737973093	considerations	1	0.5423429
gas	1	0.18714450773454214	chp	1	0.78586173
gas	1	0.18714450773454214	appliances	4	0.75677407
gas	1	0.18714450773454214	inefficient	2	0.74975985
gas	1	0.18714450773454214	boilers	1	0.74742365
gas	1	0.18714450773454214	lpg	1	0.73768646
gas	1	0.18714450773454214	generation	1	0.73558486
gas	1	0.18714450773454214	supplies	5	0.73385143
gas	1	0.18714450773454214	cogeneration	1	0.73135585
gas	1	0.18714450773454214	stations	3	0.73098516
gas	1	0.18714450773454214	bills	5	0.72548044
gas	1	0.18714450773454214	electricity	5	0.8479893
gas	1	0.18714450773454214	generators	1	0.7763735
gas	1	0.18714450773454214	metering	2	0.7741696
gas	1	0.18714450773454214	utilities	3	0.7559931
gas	1	0.18714450773454214	consumption	3	0.7538173
gas	1	0.18714450773454214	diesel	1	0.7523472
gas	1	0.18714450773454214	energy	1	0.7497912
gas	1	0.18714450773454214	water	1	0.7493862
gas	1	0.18714450773454214	boiler	4	0.7455234
gas	1	0.18714450773454214	emission	3	0.7386231
gas	2	0.08965370413919198	rayburn	1	0.88739765
gas	2	0.08965370413919198	heater	1	0.88625985
gas	2	0.08965370413919198	burner	1	0.87875956
gas	2	0.08965370413919198	aga	1	0.87388515
gas	2	0.08965370413919198	cooker	2	0.86772543
gas	2	0.08965370413919198	grill	1	0.85792464
gas	2	0.08965370413919198	refrigerator	1	0.84423375
gas	2	0.08965370413919198	cooker	1	0.84035665
gas	2	0.08965370413919198	glazing	1	0.83888024
gas	2	0.08965370413919198	electric	2	0.9056088
gas	2	0.08965370413919198	heating	1	0.9019831
gas	2	0.08965370413919198	boiler	1	0.8999768
gas	2	0.08965370413919198	radiators	1	0.8781357
gas	2	0.08965370413919198	ceramic	1	0.8678833
gas	2	0.08965370413919198	extractor	1	0.8646496
gas	2	0.08965370413919198	combi	1	0.8555118
gas	2	0.08965370413919198	larder	1	0.8491805
gas	2	0.08965370413919198	upvc	1	0.8398251
gas	2	0.08965370413919198	hob	1	0.8388544
gas	2	0.08965370413919198	convector	1	0.841191
gas	3	0.20148285620842243	pumps	1	0.78401166
gas	3	0.20148285620842243	canisters	1	0.73597187
gas	3	0.20148285620842243	hoses	2	0.72079116
gas	3	0.20148285620842243	igniting	1	0.71379393
gas	3	0.20148285620842243	kerosene	2	0.70928943
gas	3	0.20148285620842243	bombs	5	0.69656646
gas	3	0.20148285620842243	tanker	1	0.69273037
gas	3	0.20148285620842243	shell	2	0.68010354
gas	3	0.20148285620842243	engine	1	0.67099833
gas	3	0.20148285620842243	petrol	5	0.8165411
gas	3	0.20148285620842243	stokehold	1	0.7303901
gas	3	0.20148285620842243	canister	2	0.7238263
gas	3	0.20148285620842243	acetylene	2	0.7222275
gas	3	0.20148285620842243	gasoline	4	0.7175658
gas	3	0.20148285620842243	paraffin	3	0.7002887
gas	3	0.20148285620842243	hose	5	0.6917028
gas	3	0.20148285620842243	firemen	2	0.6862038
gas	3	0.20148285620842243	fuel	2	0.6835213
gas	3	0.20148285620842243	extinguishers	2	0.6769452
gas	3	0.20148285620842243	tear	3	0.735948
gas	4	0.20812176249425743	refining	1	0.81386775
gas	4	0.20812176249425743	exploration	3	0.81279445
gas	4	0.20812176249425743	petrochemicals	1	0.80638516
gas	4	0.20812176249425743	electricity	3	0.77696586
gas	4	0.20812176249425743	hydrocarbons	3	0.77124715
gas	4	0.20812176249425743	pipelines	1	0.75973654
gas	4	0.20812176249425743	petro	2	0.75087327
gas	4	0.20812176249425743	exxonmobil	1	0.74417096
gas	4	0.20812176249425743	plants	2	0.74095327
gas	4	0.20812176249425743	oil	5	0.9098295
gas	4	0.20812176249425743	refineries	1	0.8262912
gas	4	0.20812176249425743	petrochemical	1	0.8259573
gas	4	0.20812176249425743	lng	1	0.8190089
gas	4	0.20812176249425743	offshore	4	0.8037397
gas	4	0.20812176249425743	shale	2	0.7731664
gas	4	0.20812176249425743	bp	2	0.7659767
gas	4	0.20812176249425743	onshore	1	0.7535491
gas	4	0.20812176249425743	chemicals	2	0.7450705
gas	4	0.20812176249425743	refinery	2	0.7448363
gas	4	0.20812176249425743	petroleum	5	0.74498
gas	5	0.31359716942358606	gaseous	1	0.91511863
gas	5	0.31359716942358606	hydrogen	3	0.90371215
gas	5	0.31359716942358606	gasses	1	0.89443207
gas	5	0.31359716942358606	cooled	2	0.88975257
gas	5	0.31359716942358606	helium	1	0.88074887
gas	5	0.31359716942358606	condensate	1	0.87758124
gas	5	0.31359716942358606	heated	2	0.87536484
gas	5	0.31359716942358606	ignition	4	0.87508833
gas	5	0.31359716942358606	oxygen	2	0.87412614
gas	5	0.31359716942358606	liquid	2	0.9392578
gas	5	0.31359716942358606	vapor	1	0.9081952
gas	5	0.31359716942358606	nitrogen	4	0.9050772
gas	5	0.31359716942358606	heating	2	0.9028152
gas	5	0.31359716942358606	vapour	2	0.8974037
gas	5	0.31359716942358606	acetylene	1	0.8734701
gas	5	0.31359716942358606	refrigerant	1	0.8707961
gas	5	0.31359716942358606	combustion	2	0.8674566
gas	5	0.31359716942358606	coolant	1	0.8659449
gas	5	0.31359716942358606	exhaust	2	0.8638714
gas	5	0.31359716942358606	inert	1	0.885736
jaguar	1	0.12214012275023549	toyota	5	0.71604896
jaguar	1	0.12214012275023549	rc51	1	0.69164747
jaguar	1	0.12214012275023549	v50	1	0.68339884
jaguar	1	0.12214012275023549	bmw	1	0.68016315
jaguar	1	0.12214012275023549	vauxhall	1	0.67520124
jaguar	1	0.12214012275023549	yamaha	5	0.66905427
jaguar	1	0.12214012275023549	hotwheels	1	0.66185725
jaguar	1	0.12214012275023549	bike	5	0.7000918
jaguar	1	0.12214012275023549	peugeot	1	0.6988952
jaguar	1	0.12214012275023549	gm1	2	0.6937332
jaguar	1	0.12214012275023549	f1	1	0.6852791
jaguar	1	0.12214012275023549	vantage	2	0.6736211
jaguar	1	0.12214012275023549	525d	1	0.6712121
jaguar	1	0.12214012275023549	turbo	4	0.6662021
jaguar	1	0.12214012275023549	tempest	3	0.6656793
jaguar	1	0.12214012275023549	lascala	1	0.6599994
jaguar	1	0.12214012275023549	perrys	1	0.6580458
jaguar	1	0.12214012275023549	racing	2	0.713303
jaguar	1	0.12214012275023549	alfa	3	0.672929
jaguar	1	0.12214012275023549	centurion	3	0.664382
jaguar	2	0.28482232426048004	bmw	4	0.90391636
jaguar	2	0.28482232426048004	ford	3	0.90261066
jaguar	2	0.28482232426048004	saloon	1	0.89673775
jaguar	2	0.28482232426048004	cosworth	1	0.89372265
jaguar	2	0.28482232426048004	volkswagen	1	0.88943523
jaguar	2	0.28482232426048004	vw	1	0.88726836
jaguar	2	0.28482232426048004	xjr	1	0.87863517
jaguar	2	0.28482232426048004	coupe	1	0.87416506
jaguar	2	0.28482232426048004	lwb	1	0.87363285
jaguar	2	0.28482232426048004	v12	1	0.8997085
jaguar	2	0.28482232426048004	nissan	2	0.8936507
jaguar	2	0.28482232426048004	chrysler	1	0.8851136
jaguar	2	0.28482232426048004	rover	3	0.8849991
jaguar	2	0.28482232426048004	convertible	1	0.8804408
jaguar	2	0.28482232426048004	fiat	3	0.8784705
jaguar	2	0.28482232426048004	mazda	1	0.8774631
jaguar	2	0.28482232426048004	porsche	1	0.8766945
jaguar	2	0.28482232426048004	audi	2	0.8761255
jaguar	2	0.28482232426048004	chevrolet	1	0.8757095
jaguar	2	0.28482232426048004	austin	3	0.8675559
jaguar	3	0.1476666149231519	harpy	1	0.83594894
jaguar	3	0.1476666149231519	puma	3	0.80217594
jaguar	3	0.1476666149231519	vulture	2	0.78708845
jaguar	3	0.1476666149231519	mandrill	1	0.75158185
jaguar	3	0.1476666149231519	margay	1	0.74554014
jaguar	3	0.1476666149231519	tarantula	1	0.74492264
jaguar	3	0.1476666149231519	saurian	1	0.74170697
jaguar	3	0.1476666149231519	insectoid	1	0.74076855
jaguar	3	0.1476666149231519	cougar	2	0.8257738
jaguar	3	0.1476666149231519	warthog	1	0.8075819
jaguar	3	0.1476666149231519	coyote	2	0.7940789
jaguar	3	0.1476666149231519	ocelot	1	0.7727544
jaguar	3	0.1476666149231519	hawk	5	0.7673136
jaguar	3	0.1476666149231519	unicorn	4	0.7613677
jaguar	3	0.1476666149231519	wildebeest	1	0.7549035
jaguar	3	0.1476666149231519	anaconda	1	0.7535157
jaguar	3	0.1476666149231519	fanged	1	0.7484392
jaguar	3	0.1476666149231519	stymphalian	1	0.7466719
jaguar	3	0.1476666149231519	anthropomorphized	1	0.7456885
jaguar	3	0.1476666149231519	wolf	5	0.7423622
jaguar	4	0.44536452417920347	mg	3	0.85131633
jaguar	4	0.44536452417920347	audi	4	0.82776904
jaguar	4	0.44536452417920347	f1	3	0.82386684
jaguar	4	0.44536452417920347	vauxhall	3	0.82191515
jaguar	4	0.44536452417920347	toyota	2	0.80777234
jaguar	4	0.44536452417920347	cosworth	2	0.8384002
jaguar	4	0.44536452417920347	honda	5	0.8231211
jaguar	4	0.44536452417920347	bmw	3	0.8226989
jaguar	4	0.44536452417920347	bmc	2	0.8215738
jaguar	4	0.44536452417920347	mclaren	3	0.8200568
jaguar	4	0.44536452417920347	porsche	2	0.8162643
jaguar	4	0.44536452417920347	bmw	4	0.8145315
jaguar	4	0.44536452417920347	citroen	3	0.8130753
jaguar	4	0.44536452417920347	triumph	4	0.8113866
jaguar	4	0.44536452417920347	volvo	2	0.8091975
jaguar	4	0.44536452417920347	prodrive	1	0.8091273
jaguar	4	0.44536452417920347	austin	3	0.8031463
jaguar	4	0.44536452417920347	suzuki	4	0.8012861
jaguar	4	0.44536452417920347	nissans	1	0.8011834
jaguar	4	0.44536452417920347	ducati	3	0.8007659
python	1	0.3469269444151692	javac	1	0.87015414
python	1	0.3469269444151692	module	3	0.86936027
python	1	0.3469269444151692	debugger	1	0.86841244
python	1	0.3469269444151692	gcc	1	0.86617476
python	1	0.3469269444151692	wrapper	2	0.86525947
python	1	0.3469269444151692	interpreter	1	0.85693324
python	1	0.3469269444151692	idl	3	0.84904224
python	1	0.3469269444151692	debugging	1	0.84855783
python	1	0.3469269444151692	mingw	1	0.84633917
python	1	0.3469269444151692	java	5	0.9039045
python	1	0.3469269444151692	api	3	0.8874049
python	1	0.3469269444151692	tcl	3	0.8660128
python	1	0.3469269444151692	postgresql	1	0.8636123
python	1	0.3469269444151692	c	4	0.8613015
python	1	0.3469269444151692	lisp	3	0.8592414
python	1	0.3469269444151692	shell	1	0.8581197
python	1	0.3469269444151692	package	5	0.8529774
python	1	0.3469269444151692	pl	2	0.8522683
python	1	0.3469269444151692	gnu	3	0.8511499
python	1	0.3469269444151692	preprocessor	1	0.8491614
python	2	0.23152280127597763	spamalot	1	0.76370054
python	2	0.23152280127597763	zirkus	1	0.63680965
python	2	0.23152280127597763	pippin	1	0.63037187
python	2	0.23152280127597763	grouchland	1	0.60572594
python	2	0.23152280127597763	cleese	1	0.60348254
python	2	0.23152280127597763	fliegender	1	0.59872466
python	2	0.23152280127597763	charmed	1	0.59467405
python	2	0.23152280127597763	gatiss	1	0.59444463
python	2	0.23152280127597763	monty	1	0.7160411
python	2	0.23152280127597763	pythonas	1	0.7079458
python	2	0.23152280127597763	muppets	1	0.6624375
python	2	0.23152280127597763	idle	3	0.6467426
python	2	0.23152280127597763	zardoz	1	0.6466679
python	2	0.23152280127597763	henson	1	0.6298836
python	2	0.23152280127597763	serafinowicz	1	0.6216478
python	2	0.23152280127597763	antz	1	0.6154215
python	2	0.23152280127597763	spoofing	2	0.6034041
python	2	0.23152280127597763	lorre	1	0.5974249
python	2	0.23152280127597763	starcatchers	1	0.5971648
python	2	0.23152280127597763	funnyman	1	0.594529
python	3	0.07624862766017584	config	5	0.73326105
python	3	0.07624862766017584	srsbook	1	0.72956973
python	3	0.07624862766017584	xml	2	0.69779253
python	3	0.07624862766017584	unix	3	0.68994886
python	3	0.07624862766017584	sld	4	0.68776065
python	3	0.07624862766017584	node36	1	0.68087196
python	3	0.07624862766017584	perl	4	0.7188972
python	3	0.07624862766017584	readme	2	0.7042936
python	3	0.07624862766017584	javadoc	1	0.7034689
python	3	0.07624862766017584	issue51	1	0.7023828
python	3	0.07624862766017584	dist	4	0.7017307
python	3	0.07624862766017584	viewcvs	1	0.6978316
python	3	0.07624862766017584	devel	2	0.6971678
python	3	0.07624862766017584	pub	2	0.6941178
python	3	0.07624862766017584	dbweb	1	0.6847453
python	3	0.07624862766017584	cpm	3	0.6821213
python	3	0.07624862766017584	mas01em	1	0.6816131
python	3	0.07624862766017584	rssnews	1	0.6815452
python	3	0.07624862766017584	faq	3	0.688379
python	3	0.07624862766017584	java	4	0.686741
python	4	0.0732112654816372	warthog	1	0.74967575
python	4	0.0732112654816372	molurus	1	0.74744076
python	4	0.0732112654816372	krait	1	0.73783803
python	4	0.0732112654816372	snake	4	0.73123825
python	4	0.0732112654816372	myliobatis	1	0.72587395
python	4	0.0732112654816372	weasel	1	0.72542936
python	4	0.0732112654816372	nigripes	1	0.72445345
python	4	0.0732112654816372	racquet	2	0.72389776
python	4	0.0732112654816372	urolophus	1	0.72124165
python	4	0.0732112654816372	harpy	1	0.71713895
python	4	0.0732112654816372	jentink	1	0.71375626
python	4	0.0732112654816372	thomasi	1	0.71330535
python	4	0.0732112654816372	ocelot	1	0.7448825
python	4	0.0732112654816372	skulled	1	0.7399531
python	4	0.0732112654816372	porcupine	1	0.7284993
python	4	0.0732112654816372	tusked	1	0.7244452
python	4	0.0732112654816372	tasmanian	3	0.7217327
python	4	0.0732112654816372	prioniturus	1	0.7189488
python	4	0.0732112654816372	kookaburra	1	0.7168002
python	4	0.0732112654816372	kangaroo	3	0.71651
python	5	0.27209036116704005	java	5	0.81366307
python	5	0.27209036116704005	ironpython	1	0.81273925
python	5	0.27209036116704005	perl	2	0.81153655
python	5	0.27209036116704005	gtk	2	0.81058234
python	5	0.27209036116704005	linux	2	0.80949944
python	5	0.27209036116704005	lisp	3	0.79782116
python	5	0.27209036116704005	compiler	3	0.79759985
python	5	0.27209036116704005	unix	4	0.79524004
python	5	0.27209036116704005	awk	3	0.78561574
python	5	0.27209036116704005	kde	3	0.78293663
python	5	0.27209036116704005	opengl	2	0.78236896
python	5	0.27209036116704005	freebsd	2	0.78190196
python	5	0.27209036116704005	applescript	1	0.8181705
python	5	0.27209036116704005	lyx	1	0.7989819
python	5	0.27209036116704005	gnu	4	0.7985552
python	5	0.27209036116704005	firefox	2	0.7948489
python	5	0.27209036116704005	ruby	2	0.7868923
python	5	0.27209036116704005	perl	5	0.7866451
python	5	0.27209036116704005	javascript	2	0.7810061
python	5	0.27209036116704005	wsgi	1	0.79294
society	1	0.19708981325194833	pharmacological	3	0.80353487
society	1	0.19708981325194833	institute	2	0.79906404
society	1	0.19708981325194833	geographers	1	0.79212815
society	1	0.19708981325194833	journal	3	0.78529286
society	1	0.19708981325194833	psychological	3	0.77856106
society	1	0.19708981325194833	association	4	0.77590495
society	1	0.19708981325194833	centre	1	0.73360497
society	1	0.19708981325194833	australasian	1	0.8525576
society	1	0.19708981325194833	geographical	4	0.8243243
society	1	0.19708981325194833	international	4	0.8209145
society	1	0.19708981325194833	anthropological	1	0.7929398
society	1	0.19708981325194833	astronomical	3	0.7803192
society	1	0.19708981325194833	american	3	0.7791939
society	1	0.19708981325194833	british	1	0.7682399
society	1	0.19708981325194833	medical	3	0.7499405
society	1	0.19708981325194833	microbiology	2	0.7433898
society	1	0.19708981325194833	mycological	1	0.7327725
society	1	0.19708981325194833	societies	3	0.7309008
society	1	0.19708981325194833	consortium	2	0.7303181
society	1	0.19708981325194833	royal	1	0.799528
society	2	0.25235370233471843	association	3	0.78527933
society	2	0.25235370233471843	philatelic	1	0.75591224
society	2	0.25235370233471843	historical	1	0.70704967
society	2	0.25235370233471843	photographic	2	0.69669586
society	2	0.25235370233471843	philomathean	1	0.69590443
society	2	0.25235370233471843	geographical	4	0.69099295
society	2	0.25235370233471843	missionary	1	0.68759453
society	2	0.25235370233471843	palaeontographical	1	0.68215096
society	2	0.25235370233471843	philosophical	1	0.7512702
society	2	0.25235370233471843	societies	1	0.7279355
society	2	0.25235370233471843	chapter	4	0.7256292
society	2	0.25235370233471843	antiquaries	1	0.7246582
society	2	0.25235370233471843	benevolent	1	0.7081585
society	2	0.25235370233471843	numismatic	1	0.7070357
society	2	0.25235370233471843	astronomical	3	0.6969698
society	2	0.25235370233471843	theosophical	1	0.6916533
society	2	0.25235370233471843	scottish	2	0.6865782
society	2	0.25235370233471843	societyas	2	0.6846196
society	2	0.25235370233471843	anthropological	1	0.6825599
society	2	0.25235370233471843	freemasonry	3	0.6815663
society	3	0.07057132589175666	antiquaries	3	0.74255854
society	3	0.07057132589175666	heraldry	3	0.70795566
society	3	0.07057132589175666	theosophical	2	0.68100786
society	3	0.07057132589175666	lddc	2	0.66521925
society	3	0.07057132589175666	fellowship	5	0.65831834
society	3	0.07057132589175666	cambrian	4	0.65751314
society	3	0.07057132589175666	museum	4	0.7449158
society	3	0.07057132589175666	heritage	4	0.7301281
society	3	0.07057132589175666	institute	3	0.7198846
society	3	0.07057132589175666	history	1	0.7046341
society	3	0.07057132589175666	foundation	4	0.7009224
society	3	0.07057132589175666	horticultural	4	0.6966708
society	3	0.07057132589175666	network	4	0.6952703
society	3	0.07057132589175666	museums	4	0.6888996
society	3	0.07057132589175666	archives	4	0.6838842
society	3	0.07057132589175666	british	1	0.6813914
society	3	0.07057132589175666	trust	5	0.6727162
society	3	0.07057132589175666	newcomen	2	0.6627048
society	3	0.07057132589175666	gmcro	1	0.6514043
society	3	0.07057132589175666	assocation	1	0.666806
society	4	0.14241347759539089	branch	3	0.66166854
society	4	0.14241347759539089	federation	5	0.64862645
society	4	0.14241347759539089	trust	3	0.64565146
society	4	0.14241347759539089	cma	3	0.63676137
society	4	0.14241347759539089	pcc	2	0.62931585
society	4	0.14241347759539089	guild	5	0.7060756
society	4	0.14241347759539089	charity	2	0.6647251
society	4	0.14241347759539089	affiliating	2	0.6586229
society	4	0.14241347759539089	cccbr	2	0.6539764
society	4	0.14241347759539089	eig	2	0.6534917
society	4	0.14241347759539089	alcs	3	0.6515689
society	4	0.14241347759539089	cilip	2	0.6507374
society	4	0.14241347759539089	institute	1	0.6417563
society	4	0.14241347759539089	club	4	0.6329005
society	4	0.14241347759539089	portman	3	0.6319107
society	4	0.14241347759539089	sponsoring	1	0.6270742
society	4	0.14241347759539089	membership	1	0.682943
society	4	0.14241347759539089	uk200	1	0.633986
society	4	0.14241347759539089	bca	1	0.631138
society	4	0.14241347759539089	iphe	2	0.627198
society	5	0.3375716809261857	culture	5	0.86656094
society	5	0.3375716809261857	consumerist	1	0.81539273
society	5	0.3375716809261857	societies	2	0.81205845
society	5	0.3375716809261857	citizenry	1	0.80763966
society	5	0.3375716809261857	democracy	4	0.80233884
society	5	0.3375716809261857	movement	2	0.79316187
society	5	0.3375716809261857	politics	4	0.78279644
society	5	0.3375716809261857	values	5	0.76904666
society	5	0.3375716809261857	genuinely	4	0.76533604
society	5	0.3375716809261857	tribalism	1	0.75715685
society	5	0.3375716809261857	multicultural	2	0.8025914
society	5	0.3375716809261857	civilized	1	0.7945779
society	5	0.3375716809261857	pluralist	1	0.7897238
society	5	0.3375716809261857	pluralistic	1	0.7826082
society	5	0.3375716809261857	humanitarianism	1	0.7727812
society	5	0.3375716809261857	democratic	4	0.7725654
society	5	0.3375716809261857	meritocracy	1	0.7662403
society	5	0.3375716809261857	democracies	1	0.7650285
society	5	0.3375716809261857	globalised	1	0.7606082
society	5	0.3375716809261857	sphere	2	0.7545852
tree	1	0.3880483628738644	trees	1	0.80399567
tree	1	0.3880483628738644	vine	2	0.79329824
tree	1	0.3880483628738644	thicket	1	0.76895267
tree	1	0.3880483628738644	withered	1	0.75642365
tree	1	0.3880483628738644	withes	1	0.75471765
tree	1	0.3880483628738644	hedgerow	4	0.75189275
tree	1	0.3880483628738644	shade	1	0.73692316
tree	1	0.3880483628738644	sycamore	4	0.72456026
tree	1	0.3880483628738644	boughs	1	0.7737127
tree	1	0.3880483628738644	twig	1	0.7684578
tree	1	0.3880483628738644	branches	3	0.7650499
tree	1	0.3880483628738644	garden	3	0.7372149
tree	1	0.3880483628738644	dove	4	0.7370686
tree	1	0.3880483628738644	bushes	3	0.7367087
tree	1	0.3880483628738644	bamboo	2	0.7357113
tree	1	0.3880483628738644	thorn	3	0.7248644
tree	1	0.3880483628738644	yew	4	0.7247219
tree	1	0.3880483628738644	grove	4	0.7240981
tree	1	0.3880483628738644	bough	1	0.827086
tree	1	0.3880483628738644	sapling	2	0.755634
tree	2	0.17638555994642924	structure	1	0.76071733
tree	2	0.17638555994642924	cref	2	0.74136424
tree	2	0.17638555994642924	defining	1	0.72565067
tree	2	0.17638555994642924	lexical	1	0.72506815
tree	2	0.17638555994642924	binding	4	0.72231555
tree	2	0.17638555994642924	referencing	1	0.71842533
tree	2	0.17638555994642924	hierarchical	1	0.71396035
tree	2	0.17638555994642924	iterator	2	0.70543575
tree	2	0.17638555994642924	hierarchy	3	0.69897693
tree	2	0.17638555994642924	parse	2	0.69702995
tree	2	0.17638555994642924	typeof	2	0.69665366
tree	2	0.17638555994642924	trees	5	0.7640072
tree	2	0.17638555994642924	traversal	2	0.7517532
tree	2	0.17638555994642924	widget	3	0.7167683
tree	2	0.17638555994642924	sherloc	1	0.7126688
tree	2	0.17638555994642924	mapping	1	0.7063735
tree	2	0.17638555994642924	specification	4	0.7013328
tree	2	0.17638555994642924	query	1	0.6990569
tree	2	0.17638555994642924	datatype	2	0.6960425
tree	2	0.17638555994642924	sitemapnode	1	0.711492
tree	3	0.2859636656503639	dwarf	1	0.90610945
tree	3	0.2859636656503639	shrubby	2	0.89872795
tree	3	0.2859636656503639	eucalyptus	1	0.89367616
tree	3	0.2859636656503639	understory	1	0.88441545
tree	3	0.2859636656503639	hickories	1	0.87654406
tree	3	0.2859636656503639	baobab	1	0.87553924
tree	3	0.2859636656503639	dogwood	1	0.87321365
tree	3	0.2859636656503639	acacias	1	0.86912334
tree	3	0.2859636656503639	bamboo	3	0.86582583
tree	3	0.2859636656503639	hawthorn	1	0.86356515
tree	3	0.2859636656503639	cypress	2	0.86012614
tree	3	0.2859636656503639	cactus	2	0.8980824
tree	3	0.2859636656503639	thorny	1	0.8772527
tree	3	0.2859636656503639	understorey	1	0.8625677
tree	3	0.2859636656503639	vine	1	0.8607796
tree	3	0.2859636656503639	oak	2	0.8602723
tree	3	0.2859636656503639	trees	3	0.8600815
tree	3	0.2859636656503639	woody	2	0.8597322
tree	3	0.2859636656503639	evergreen	1	0.878168
tree	3	0.2859636656503639	groundsel	1	0.864377
tree	5	0.14959520803539922	trees	2	0.74769914
tree	5	0.14959520803539922	wildflower	2	0.73489326
tree	5	0.14959520803539922	willow	1	0.70198154
tree	5	0.14959520803539922	horticultural	4	0.69771713
tree	5	0.14959520803539922	lilac	4	0.69123316
tree	5	0.14959520803539922	rosemoor	1	0.64988494
tree	5	0.14959520803539922	elm	2	0.7217333
tree	5	0.14959520803539922	pear	3	0.6896753
tree	5	0.14959520803539922	yew	3	0.6819114
tree	5	0.14959520803539922	rowans	1	0.6796139
tree	5	0.14959520803539922	arches	3	0.6713767
tree	5	0.14959520803539922	fir	4	0.6668506
tree	5	0.14959520803539922	shrubs	3	0.6634975
tree	5	0.14959520803539922	garden	5	0.6588276
tree	5	0.14959520803539922	wisley	1	0.6585069
tree	5	0.14959520803539922	hop	4	0.6562212
tree	5	0.14959520803539922	leonardslee	1	0.6541997
tree	5	0.14959520803539922	brambly	2	0.6499646
tree	5	0.14959520803539922	borde	2	0.6483874
tree	5	0.14959520803539922	mistletoe	3	0.692905
union	1	0.23518890591070749	eu	1	0.71399885
union	1	0.23518890591070749	trade	4	0.69840795
union	1	0.23518890591070749	movement	2	0.69818187
union	1	0.23518890591070749	nezavisnost	1	0.65016365
union	1	0.23518890591070749	wto	4	0.64781547
union	1	0.23518890591070749	coalition	3	0.64354175
union	1	0.23518890591070749	eec	2	0.63621044
union	1	0.23518890591070749	unionists	3	0.62239337
union	1	0.23518890591070749	opzz	1	0.62189764
union	1	0.23518890591070749	unions	1	0.7303247
union	1	0.23518890591070749	commonwealth	1	0.7220985
union	1	0.23518890591070749	communist	2	0.6566401
union	1	0.23518890591070749	unionism	1	0.6434615
union	1	0.23518890591070749	party	1	0.6420908
union	1	0.23518890591070749	unions	4	0.6400004
union	1	0.23518890591070749	european	4	0.6398646
union	1	0.23518890591070749	ssscg	1	0.6252867
union	1	0.23518890591070749	fiom	1	0.6201218
union	1	0.23518890591070749	leaderships	1	0.6189053
union	1	0.23518890591070749	union	3	0.6147731
union	2	0.1953160141030261	branch	2	0.72807944
union	2	0.1953160141030261	rochester	5	0.71976215
union	2	0.1953160141030261	seymour	4	0.71837276
union	2	0.1953160141030261	clinton	3	0.71697414
union	2	0.1953160141030261	addison	3	0.70955473
union	2	0.1953160141030261	haverhill	2	0.70377284
union	2	0.1953160141030261	clayton	1	0.70341885
union	2	0.1953160141030261	billerica	1	0.70298046
union	2	0.1953160141030261	flint	3	0.69599605
union	2	0.1953160141030261	northampton	4	0.69551265
union	2	0.1953160141030261	grand	3	0.7190381
union	2	0.1953160141030261	davenport	3	0.7184519
union	2	0.1953160141030261	penn	1	0.7143385
union	2	0.1953160141030261	anson	5	0.7089042
union	2	0.1953160141030261	elgin	4	0.7059442
union	2	0.1953160141030261	mills	2	0.7034426
union	2	0.1953160141030261	fulton	2	0.7031047
union	2	0.1953160141030261	hingham	2	0.6957653
union	2	0.1953160141030261	gardiner	4	0.6955325
union	2	0.1953160141030261	providence	5	0.6952673
union	3	0.24847986486866896	ec	1	0.72523916
union	3	0.24847986486866896	presidency	3	0.72196406
union	3	0.24847986486866896	european	3	0.68577516
union	3	0.24847986486866896	eu	3	0.68200135
union	3	0.24847986486866896	unions	3	0.64688104
union	3	0.24847986486866896	nus	2	0.63692147
union	3	0.24847986486866896	etuc	1	0.7889764
union	3	0.24847986486866896	efta	1	0.6944035
union	3	0.24847986486866896	g8	4	0.6799376
union	3	0.24847986486866896	tuc	4	0.6781877
union	3	0.24847986486866896	commission	4	0.6708714
union	3	0.24847986486866896	enlargement	1	0.6444118
union	3	0.24847986486866896	eus	2	0.6425248
union	3	0.24847986486866896	ilo	1	0.6376966
union	3	0.24847986486866896	international	1	0.6352007
union	3	0.24847986486866896	confederation	2	0.696746
union	3	0.24847986486866896	wto	1	0.687052
union	3	0.24847986486866896	trade	4	0.674252
union	3	0.24847986486866896	eu	1	0.657075
union	3	0.24847986486866896	epsu	1	0.636615
union	4	0.08332766312081631	rugby	5	0.78229094
union	4	0.08332766312081631	league	4	0.77814186
union	4	0.08332766312081631	premier	1	0.72339374
union	4	0.08332766312081631	football	5	0.71738106
union	4	0.08332766312081631	rugby	1	0.71258974
union	4	0.08332766312081631	currently	2	0.69250035
union	4	0.08332766312081631	team	3	0.68768907
union	4	0.08332766312081631	national	2	0.68666875
union	4	0.08332766312081631	amateur	1	0.68045896
union	4	0.08332766312081631	league	3	0.68013877
union	4	0.08332766312081631	club	1	0.7536493
union	4	0.08332766312081631	28sevens	1	0.7230163
union	4	0.08332766312081631	leagues	2	0.7065924
union	4	0.08332766312081631	defunct	1	0.6961473
union	4	0.08332766312081631	soccer	4	0.6955354
union	4	0.08332766312081631	futsal	2	0.6952034
union	4	0.08332766312081631	federation	2	0.6912914
union	4	0.08332766312081631	association	5	0.6908708
union	4	0.08332766312081631	netball	2	0.6801987
union	4	0.08332766312081631	professional	1	0.6800748
union	5	0.2376875519967811	czechoslovak	1	0.82662874
union	5	0.2376875519967811	revolutionary	5	0.81067175
union	5	0.2376875519967811	comintern	1	0.80940455
union	5	0.2376875519967811	soviet	3	0.79612255
union	5	0.2376875519967811	latvian	3	0.79323804
union	5	0.2376875519967811	usdrp	2	0.78946984
union	5	0.2376875519967811	ukrainian	1	0.8262896
union	5	0.2376875519967811	petrograd	1	0.8066965
union	5	0.2376875519967811	ussr	3	0.7910454
union	5	0.2376875519967811	patriotic	3	0.7901092
union	5	0.2376875519967811	russian	4	0.7899225
union	5	0.2376875519967811	federation	1	0.7884805
union	5	0.2376875519967811	socialist	3	0.7800508
union	5	0.2376875519967811	soviets	2	0.7788007
union	5	0.2376875519967811	latvia	2	0.7787734
union	5	0.2376875519967811	front	1	0.7785717
union	5	0.2376875519967811	polish	4	0.7736654
union	5	0.2376875519967811	communist	3	0.7729823
union	5	0.2376875519967811	czechoslovakia	3	0.7716352
union	5	0.2376875519967811	bolshevik	1	0.791789
